"Date","Opposition","Team","Venue","Goals","Goals.Conceded","Shots.On.Target","Shots.Off.Target","Blocked.Shots","Total.Successful.Passes","Total.Unsuccessful.Passes","Assists","Key.Passes","Successful.Dribbles","Unsuccessful.Dribbles","Touches","Duels.won","Duels.lost","Tackles.Won","Tackles.Lost","Total.Clearances","Blocks","Interceptions","Recoveries","Total.Fouls.Conceded","Total.Fouls.Won","Yellow.Cards","Red.Cards","Saves.Made","Challenge.Lost","Team.Formation","Dispossessed","Total.Attempts","Chances.Created","Chances.Faced","p_o","p_d","Goal.Difference"
"2011-08-13","Wolverhampton Wanderers","Blackburn Rovers","Home",1,2,2,8,7,240,131,1,12,7,16,548,44,57,10,3,33,1,18,72,13,10,4,0,2,5,84,8,10,13,10,0.0769230769230769,0.2,-1
"2011-08-13","Aston Villa","Fulham","Home",0,0,5,5,5,333,123,0,12,3,5,584,50,44,6,3,25,1,10,61,10,19,2,0,1,2,24,8,10,12,7,0,0,0
"2011-08-13","Sunderland","Liverpool","Home",1,1,3,10,1,395,129,1,11,4,8,663,59,47,13,5,17,1,16,91,17,12,4,0,3,5,26,8,12,12,10,0.0833333333333333,0.1,0
"2011-08-13","Arsenal","Newcastle United","Home",0,0,1,5,2,236,120,0,3,2,9,523,49,61,18,5,31,3,16,107,10,11,3,0,1,14,28,16,6,3,8,0,0,0
"2011-08-13","Bolton Wanderers","Queens Park Rangers","Home",0,4,2,7,8,226,136,0,12,5,5,546,51,59,12,4,45,7,13,96,9,16,1,1,2,9,112,18,9,12,16,0,0.25,-4
"2011-08-13","Norwich City","Wigan Athletic","Home",1,1,7,8,5,316,87,0,15,15,12,595,52,51,14,2,48,2,13,80,11,8,2,0,1,2,70,14,14,15,10,0.0666666666666667,0.1,0
"2011-08-14","Chelsea","Stoke City","Home",0,0,1,3,2,136,124,0,6,6,7,457,64,57,20,12,40,4,24,115,13,12,2,0,7,15,28,9,4,6,9,0,0,0
"2011-08-14","Manchester United","West Bromwich Albion","Home",1,2,3,7,6,282,90,1,11,4,8,522,40,54,10,4,29,4,14,86,18,10,3,0,0,11,78,10,10,12,8,0.0833333333333333,0.25,-1
"2011-08-15","Swansea City","Manchester City","Home",4,0,15,9,6,357,97,3,23,14,12,630,45,52,13,6,18,2,14,93,10,2,0,0,3,12,56,12,23,26,7,0.153846153846154,0,4
"2011-08-20","Liverpool","Arsenal","Home",0,2,3,5,4,404,108,0,8,8,10,697,43,63,14,4,35,2,21,104,10,7,1,1,5,8,112,23,8,8,13,0,0.153846153846154,-2
"2011-08-20","Blackburn Rovers","Aston Villa","Home",3,1,5,4,1,326,113,2,6,8,12,598,56,44,11,8,26,4,19,67,9,13,3,0,1,10,112,5,8,8,7,0.375,0.142857142857143,2
"2011-08-20","West Bromwich Albion","Chelsea","Home",2,1,8,8,8,541,98,2,17,16,11,801,65,52,16,11,15,0,11,80,15,9,2,0,3,4,56,11,15,19,5,0.105263157894737,0.2,1
"2011-08-20","Queens Park Rangers","Everton","Home",0,1,4,8,2,344,131,0,10,2,7,634,59,53,16,5,14,2,15,88,12,7,1,0,0,4,84,18,12,10,4,0,0.25,-1
"2011-08-20","Newcastle United","Sunderland","Home",0,1,3,9,3,196,110,0,12,8,13,481,55,58,20,4,25,1,7,53,17,7,2,1,4,4,70,12,11,12,9,0,0.111111111111111,-1
"2011-08-20","Wigan Athletic","Swansea City","Home",0,0,4,8,1,484,102,0,7,9,14,728,41,45,8,1,13,1,10,75,9,19,0,0,3,5,112,11,12,7,9,0,0,0
"2011-08-21","Manchester City","Bolton Wanderers","Home",2,3,3,2,2,265,127,2,2,4,0,527,46,50,16,3,29,3,17,78,19,14,2,0,4,11,26,10,5,4,17,0.5,0.176470588235294,-1
"2011-08-21","Stoke City","Norwich City","Home",1,1,3,2,5,258,112,1,5,2,3,509,44,41,14,3,32,4,4,66,13,12,0,1,4,6,42,5,5,6,14,0.166666666666667,0.0714285714285714,0
"2011-08-21","Fulham","Wolverhampton Wanderers","Home",2,0,6,11,3,381,122,0,14,8,1,659,39,39,8,2,20,3,23,87,7,10,2,0,4,3,28,11,17,14,11,0.142857142857143,0,2
"2011-08-22","Tottenham Hotspur","Manchester United","Home",3,0,14,5,9,387,107,3,18,9,5,683,45,57,11,5,27,5,23,109,13,9,1,0,9,13,28,18,18,21,14,0.142857142857143,0,3
"2011-08-27","Wolverhampton Wanderers","Aston Villa","Home",0,0,3,11,4,266,119,0,14,4,10,543,42,41,12,5,23,3,16,79,11,9,1,0,2,6,104,6,14,14,6,0,0,0
"2011-08-27","Everton","Blackburn Rovers","Home",0,1,7,7,7,171,114,0,13,10,7,465,52,59,11,5,40,3,17,83,17,13,5,0,2,6,28,8,14,13,8,0,0.125,-1
"2011-08-27","Norwich City","Chelsea","Home",3,1,7,8,3,469,107,1,11,7,12,715,45,49,8,2,22,1,14,76,17,15,2,0,5,1,42,12,14,12,8,0.25,0.125,2
"2011-08-27","Bolton Wanderers","Liverpool","Home",3,1,6,8,6,417,116,2,14,9,10,705,50,41,19,6,25,3,9,103,4,7,0,0,2,9,28,12,14,16,7,0.1875,0.142857142857143,2
"2011-08-27","Sunderland","Swansea City","Home",0,0,3,10,5,412,129,0,15,6,11,716,40,59,11,4,23,6,23,111,7,10,1,0,2,6,112,17,13,15,11,0,0,0
"2011-08-27","Queens Park Rangers","Wigan Athletic","Home",2,0,5,2,5,359,100,1,4,11,5,619,50,47,17,3,25,5,17,87,14,8,2,0,4,5,56,13,6,5,13,0.4,0,2
"2011-08-28","Arsenal","Manchester United","Home",8,2,14,10,1,467,87,6,15,9,3,724,51,35,21,10,21,6,20,118,9,7,2,0,6,5,28,12,23,21,17,0.380952380952381,0.117647058823529,6
"2011-08-28","Fulham","Newcastle United","Home",2,1,6,3,3,311,100,1,7,8,9,609,66,67,26,9,36,4,19,123,19,9,2,0,4,11,28,11,9,8,16,0.25,0.0625,1
"2011-08-28","Manchester City","Tottenham Hotspur","Home",1,5,5,6,10,346,98,1,17,11,9,605,58,40,14,4,27,3,22,87,14,9,2,0,4,7,84,5,11,18,21,0.0555555555555556,0.238095238095238,-4
"2011-08-28","Stoke City","West Bromwich Albion","Home",0,1,4,9,3,337,126,0,10,9,11,624,53,51,16,6,17,0,14,105,10,11,0,0,0,4,84,9,13,10,4,0,0.25,-1
"2011-09-10","Swansea City","Arsenal","Home",1,0,4,9,6,449,92,0,16,7,14,711,48,42,14,6,27,4,21,99,10,7,3,0,2,10,112,5,12,16,9,0.0625,0,1
"2011-09-10","Manchester United","Bolton Wanderers","Home",0,5,6,10,6,322,101,0,17,6,10,575,29,50,11,5,14,2,21,94,15,1,2,0,2,9,28,6,16,17,9,0,0.555555555555556,-5
"2011-09-10","Aston Villa","Everton","Home",2,2,8,7,6,305,126,1,16,12,11,606,54,58,12,2,23,2,29,104,13,11,1,0,1,5,112,13,15,17,8,0.117647058823529,0.25,0
"2011-09-10","Wigan Athletic","Manchester City","Home",3,0,7,14,5,519,72,3,16,16,9,754,49,34,15,4,17,4,17,100,6,9,0,0,3,6,84,10,20,19,8,0.157894736842105,0,3
"2011-09-10","Liverpool","Stoke City","Home",1,0,1,1,1,134,87,0,2,1,6,416,42,54,18,1,70,8,15,93,13,13,0,0,6,14,28,12,2,2,18,0.5,0,1
"2011-09-10","Chelsea","Sunderland","Home",1,2,3,7,3,279,122,1,8,5,1,567,41,38,16,10,24,6,8,91,7,3,1,0,3,3,112,17,10,9,15,0.111111111111111,0.133333333333333,-1
"2011-09-10","Tottenham Hotspur","Wolverhampton Wanderers","Home",0,2,6,4,0,325,98,0,6,4,11,626,52,52,20,7,27,4,22,106,6,12,3,0,2,3,28,20,10,6,13,0,0.153846153846154,-2
"2011-09-11","Blackburn Rovers","Fulham","Home",1,1,3,5,6,380,127,1,9,12,11,692,55,57,16,5,28,3,20,109,8,12,3,0,2,6,112,21,8,10,8,0.1,0.125,0
"2011-09-11","West Bromwich Albion","Norwich City","Home",0,1,3,12,3,308,147,0,14,8,2,647,54,43,21,5,25,2,23,118,13,10,1,0,5,9,28,9,15,14,11,0,0.0909090909090909,-1
"2011-09-12","Newcastle United","Queens Park Rangers","Home",0,0,4,9,3,359,124,0,14,6,11,662,67,51,20,13,34,2,13,110,10,14,1,0,1,4,56,10,12,14,5,0,0,0
"2011-09-17","Newcastle United","Aston Villa","Home",1,1,2,7,2,238,102,0,6,8,17,526,52,63,15,5,38,9,14,86,14,10,1,0,5,14,28,8,8,6,14,0.166666666666667,0.0714285714285714,0
"2011-09-17","Arsenal","Blackburn Rovers","Home",4,3,4,3,1,187,88,2,6,12,10,449,52,56,15,6,42,7,19,89,14,9,2,0,5,14,112,9,7,8,22,0.5,0.136363636363636,1
"2011-09-17","Norwich City","Bolton Wanderers","Home",1,2,4,1,4,347,135,0,4,9,6,664,53,46,14,0,37,1,19,106,9,9,3,1,4,3,28,13,5,4,10,0.25,0.2,-1
"2011-09-17","Wigan Athletic","Everton","Home",3,1,5,8,6,316,102,2,14,4,10,594,43,56,12,5,18,3,19,93,14,8,2,0,0,10,84,14,12,16,5,0.1875,0.2,2
"2011-09-17","West Bromwich Albion","Swansea City","Home",3,0,4,3,3,498,91,2,5,6,8,736,45,40,18,4,19,4,18,98,4,9,1,0,5,5,112,15,6,7,12,0.428571428571429,0,3
"2011-09-17","Queens Park Rangers","Wolverhampton Wanderers","Home",0,3,2,8,5,245,113,0,10,3,2,493,47,48,9,1,24,3,6,50,15,13,2,0,7,4,28,12,10,10,14,0,0.214285714285714,-3
"2011-09-18","Manchester City","Fulham","Home",2,2,5,4,5,280,87,1,11,2,3,526,36,44,17,3,28,6,20,77,10,9,1,0,3,5,26,15,9,12,15,0.166666666666667,0.133333333333333,0
"2011-09-18","Chelsea","Manchester United","Home",3,1,6,5,3,470,99,3,7,11,7,728,55,53,18,10,20,3,14,94,12,12,2,0,6,8,28,18,10,10,16,0.3,0.0625,2
"2011-09-18","Stoke City","Sunderland","Home",4,0,6,1,2,356,107,1,6,5,8,621,52,57,15,3,39,5,11,86,15,12,1,0,2,4,84,8,5,7,6,0.571428571428571,0,4
"2011-09-18","Liverpool","Tottenham Hotspur","Home",4,0,9,10,7,575,71,2,15,6,6,793,43,45,13,5,23,0,13,90,14,9,1,0,1,4,28,16,16,17,2,0.235294117647059,0,4
"2011-09-24","Bolton Wanderers","Arsenal","Home",3,0,11,9,8,529,101,3,18,10,6,784,39,42,9,4,14,1,11,79,8,9,0,0,2,4,112,16,14,21,3,0.142857142857143,0,3
"2011-09-24","Swansea City","Chelsea","Home",4,1,7,7,1,449,80,4,7,10,7,670,46,39,16,4,17,3,24,95,15,11,3,1,0,1,56,13,14,11,7,0.363636363636364,0.142857142857143,3
"2011-09-24","Wolverhampton Wanderers","Liverpool","Home",2,1,5,8,3,277,120,1,12,7,11,573,46,53,15,0,49,7,10,90,16,7,3,0,1,4,26,5,13,13,10,0.153846153846154,0.1,1
"2011-09-24","Everton","Manchester City","Home",2,0,7,10,2,512,95,2,10,7,6,761,51,43,21,2,14,1,10,81,10,13,1,0,2,6,84,17,17,12,6,0.166666666666667,0,2
"2011-09-24","Blackburn Rovers","Newcastle United","Home",3,1,4,11,6,401,99,2,17,8,9,658,53,38,10,4,34,0,8,77,8,16,0,0,0,4,26,9,14,19,3,0.157894736842105,0.333333333333333,2
"2011-09-24","Manchester United","Stoke City","Home",1,1,5,5,3,237,109,1,8,1,6,505,38,54,12,3,43,4,12,84,11,5,1,0,3,16,28,12,10,9,14,0.111111111111111,0.0714285714285714,0
"2011-09-24","Fulham","West Bromwich Albion","Home",0,0,3,3,3,331,97,0,6,8,11,582,60,47,20,9,13,4,16,104,6,15,0,0,5,6,26,14,6,6,15,0,0,0
"2011-09-24","Tottenham Hotspur","Wigan Athletic","Home",1,2,3,1,1,272,95,1,4,10,9,499,46,52,16,9,17,4,16,74,13,6,2,1,4,10,56,10,3,5,15,0.2,0.133333333333333,-1
"2011-09-25","Aston Villa","Queens Park Rangers","Home",1,1,2,8,9,313,129,0,11,5,4,617,75,48,21,6,30,5,11,93,16,19,0,1,1,6,56,14,10,11,7,0.0909090909090909,0.142857142857143,0
"2011-09-26","Sunderland","Norwich City","Home",2,1,4,3,5,291,156,2,6,3,4,622,48,34,12,7,53,2,16,102,4,7,2,0,4,3,70,10,6,8,11,0.25,0.0909090909090909,1
"2011-10-01","Wigan Athletic","Aston Villa","Home",2,0,6,6,4,203,98,2,12,4,9,474,50,48,24,6,30,5,10,89,11,6,0,0,4,12,28,4,12,14,14,0.142857142857143,0,2
"2011-10-01","Manchester City","Blackburn Rovers","Home",0,4,4,2,0,234,91,0,5,4,10,461,38,35,15,4,20,5,30,83,9,13,1,0,3,2,84,5,6,5,18,0,0.222222222222222,-4
"2011-10-01","Liverpool","Everton","Home",0,2,3,6,3,218,87,0,7,8,6,465,40,54,12,2,35,3,15,83,15,9,1,1,4,2,84,14,9,7,11,0,0.181818181818182,-2
"2011-10-01","Norwich City","Manchester United","Home",2,0,4,8,8,592,112,2,13,7,10,829,23,37,4,1,31,5,7,96,9,6,1,0,3,3,28,8,12,15,14,0.133333333333333,0,2
"2011-10-01","West Bromwich Albion","Sunderland","Home",2,2,7,6,1,348,126,2,10,5,8,639,61,50,14,7,23,3,18,109,11,14,2,0,1,4,84,13,11,12,6,0.166666666666667,0.333333333333333,0
"2011-10-01","Newcastle United","Wolverhampton Wanderers","Home",1,2,7,13,8,275,116,1,19,6,2,525,42,37,10,3,14,3,9,51,8,10,1,0,3,5,26,9,20,20,12,0.05,0.166666666666667,-1
"2011-10-02","Chelsea","Bolton Wanderers","Home",1,5,4,4,7,358,91,1,10,8,8,607,41,36,12,4,17,3,20,100,10,11,1,0,4,3,56,8,8,11,17,0.0909090909090909,0.294117647058824,-4
"2011-10-02","Queens Park Rangers","Fulham","Home",6,0,10,6,6,364,95,4,11,4,8,625,37,36,12,2,28,5,17,82,12,7,2,0,5,2,28,4,15,15,13,0.4,0,6
"2011-10-02","Stoke City","Swansea City","Home",2,0,3,4,4,352,111,0,5,8,12,634,49,63,10,8,35,3,7,91,15,18,3,0,2,8,104,11,7,5,6,0.4,0,2
"2011-10-02","Arsenal","Tottenham Hotspur","Home",2,1,6,8,4,240,98,1,14,11,7,553,70,46,21,9,44,3,20,118,12,8,2,0,4,4,28,16,11,15,11,0.133333333333333,0.0909090909090909,1
"2011-10-15","Everton","Chelsea","Home",3,1,5,2,0,714,94,3,3,4,6,933,41,43,18,6,13,3,12,83,13,11,2,0,1,2,56,15,6,6,8,0.5,0.125,2
"2011-10-15","Manchester United","Liverpool","Home",1,1,5,6,4,344,126,0,10,5,12,649,49,49,17,10,16,2,21,98,10,11,1,0,1,5,48,15,10,10,7,0.1,0.142857142857143,0
"2011-10-15","Aston Villa","Manchester City","Home",4,1,8,4,2,595,87,4,8,6,11,831,30,39,10,2,20,3,9,82,11,7,1,0,2,1,56,12,12,12,6,0.333333333333333,0.166666666666667,3
"2011-10-15","Swansea City","Norwich City","Home",3,1,6,10,2,326,92,3,14,6,5,573,46,30,20,5,30,2,12,72,5,5,0,0,2,12,65,7,15,17,8,0.176470588235294,0.125,2
"2011-10-15","Blackburn Rovers","Queens Park Rangers","Home",1,1,3,7,3,234,110,0,10,7,6,567,70,60,22,10,40,3,13,95,11,15,3,0,4,7,52,18,10,10,10,0.1,0.1,0
"2011-10-15","Fulham","Stoke City","Home",2,0,4,7,6,234,114,2,7,5,7,519,43,44,9,3,43,3,18,82,14,18,4,0,1,2,26,10,11,9,6,0.222222222222222,0,2
"2011-10-15","Bolton Wanderers","Wigan Athletic","Home",1,3,2,7,7,365,104,0,9,13,20,669,63,78,16,6,14,4,10,80,17,15,4,0,7,11,70,16,9,9,12,0.111111111111111,0.25,-2
"2011-10-16","Sunderland","Arsenal","Home",2,1,6,9,6,493,107,1,15,13,7,772,66,45,14,5,22,2,17,95,11,19,3,0,1,3,112,21,15,16,6,0.125,0.166666666666667,1
"2011-10-16","Tottenham Hotspur","Newcastle United","Home",2,2,6,6,2,366,122,2,9,8,13,656,50,60,15,5,14,4,18,118,11,13,1,0,4,8,28,14,12,11,10,0.181818181818182,0.2,0
"2011-10-16","Wolverhampton Wanderers","West Bromwich Albion","Home",2,0,7,6,5,234,96,2,13,6,7,492,43,43,8,3,27,6,12,88,14,12,0,0,7,1,70,8,12,15,14,0.133333333333333,0,2
"2011-10-22","West Bromwich Albion","Aston Villa","Home",1,2,1,5,2,205,107,0,5,7,10,486,50,50,15,12,34,5,25,93,11,9,2,1,2,4,112,7,6,5,9,0.2,0.222222222222222,-1
"2011-10-22","Sunderland","Bolton Wanderers","Home",0,2,6,5,3,259,125,0,12,3,9,599,60,57,22,3,50,7,19,119,17,16,0,0,2,7,28,10,11,12,13,0,0.153846153846154,-2
"2011-10-22","Norwich City","Liverpool","Home",1,1,9,12,8,429,122,0,20,15,14,751,52,44,14,5,19,4,15,107,6,8,0,0,6,2,28,14,21,20,10,0.05,0.1,0
"2011-10-22","Wigan Athletic","Newcastle United","Home",1,0,4,3,5,370,108,1,7,9,8,620,54,61,10,3,16,3,14,95,7,22,3,0,2,7,28,21,7,8,11,0.125,0,1
"2011-10-22","Swansea City","Wolverhampton Wanderers","Home",2,2,9,7,6,314,122,1,10,4,10,609,31,43,6,3,29,4,12,65,13,11,2,0,7,6,28,12,16,11,17,0.181818181818182,0.117647058823529,0
"2011-10-23","Stoke City","Arsenal","Home",3,1,4,5,0,543,103,3,5,8,12,785,44,47,9,3,19,1,15,84,10,12,0,0,0,1,112,12,9,8,5,0.375,0.2,2
"2011-10-23","Tottenham Hotspur","Blackburn Rovers","Home",1,2,5,9,5,270,108,0,16,12,5,542,53,47,11,6,31,1,28,96,20,8,4,0,4,8,84,8,14,16,9,0.0625,0.222222222222222,-1
"2011-10-23","Everton","Fulham","Home",1,3,4,7,4,413,108,1,13,8,5,682,55,46,16,8,23,3,17,104,12,8,3,0,2,6,26,14,11,14,9,0.0714285714285714,0.333333333333333,-2
"2011-10-23","Manchester City","Manchester United","Home",1,6,4,3,4,367,95,1,6,9,7,618,43,51,10,5,18,7,19,81,15,12,4,1,1,10,78,13,7,7,19,0.142857142857143,0.315789473684211,-5
"2011-10-23","Chelsea","Queens Park Rangers","Home",1,0,2,5,3,257,98,0,7,7,5,519,61,53,22,5,36,5,12,119,18,18,2,0,2,7,52,8,6,7,14,0.142857142857143,0,1
"2011-10-29","Arsenal","Chelsea","Home",3,5,7,5,2,437,87,3,7,7,12,691,62,61,25,8,17,1,20,110,8,18,2,0,2,14,56,21,12,10,10,0.3,0.5,-2
"2011-10-29","Manchester United","Everton","Home",0,1,8,6,5,383,103,0,13,5,7,640,44,48,20,3,11,2,13,93,13,8,3,0,3,8,84,12,14,13,7,0,0.142857142857143,-1
"2011-10-29","Wolverhampton Wanderers","Manchester City","Home",3,1,7,10,2,377,111,2,11,6,10,627,39,41,11,3,17,2,17,87,18,5,2,1,3,3,84,7,15,13,10,0.230769230769231,0.1,2
"2011-10-29","Blackburn Rovers","Norwich City","Home",3,3,6,7,1,342,118,1,11,7,9,617,50,56,16,6,37,3,4,87,9,10,2,0,0,12,84,11,13,12,9,0.25,0.333333333333333,0
"2011-10-29","Aston Villa","Sunderland","Home",2,2,5,5,6,269,133,2,10,6,9,570,52,58,13,7,26,5,12,85,8,14,1,0,1,10,28,14,10,12,12,0.166666666666667,0.166666666666667,0
"2011-10-29","Bolton Wanderers","Swansea City","Home",3,1,8,6,9,637,67,2,19,8,3,829,38,39,7,5,14,1,5,57,9,13,3,0,3,6,96,9,14,21,4,0.142857142857143,0.25,2
"2011-10-29","Liverpool","West Bromwich Albion","Home",0,2,1,4,7,288,120,0,9,2,8,549,37,50,7,6,23,2,23,89,12,9,1,0,2,3,28,12,5,9,16,0,0.125,-2
"2011-10-29","Fulham","Wigan Athletic","Home",0,2,6,11,3,421,114,0,15,9,16,668,41,55,11,2,11,1,9,79,18,13,2,0,1,6,56,8,17,15,6,0,0.333333333333333,-2
"2011-10-30","Queens Park Rangers","Tottenham Hotspur","Home",3,1,10,9,6,399,105,2,17,5,3,674,53,53,15,8,29,5,12,79,12,14,0,0,1,4,72,16,18,19,11,0.157894736842105,0.0909090909090909,2
"2011-10-31","Newcastle United","Stoke City","Home",1,3,3,6,3,265,114,0,8,6,8,578,57,49,10,3,52,0,13,86,8,13,0,0,0,1,28,26,9,8,3,0.125,1,-2
"2011-11-05","West Bromwich Albion","Arsenal","Home",3,0,5,5,2,594,108,2,8,2,8,839,43,55,13,6,12,3,19,89,12,12,0,0,2,8,112,13,10,10,8,0.3,0,3
"2011-11-05","Norwich City","Aston Villa","Home",3,2,5,7,4,255,122,2,13,9,15,558,62,59,15,5,38,3,14,93,12,9,1,0,5,6,26,6,12,15,9,0.2,0.222222222222222,1
"2011-11-05","Chelsea","Blackburn Rovers","Home",0,1,5,5,2,246,112,0,5,2,5,498,32,50,13,2,19,3,19,82,14,10,4,0,4,6,78,13,9,5,12,0,0.0833333333333333,-1
"2011-11-05","Swansea City","Liverpool","Home",0,0,5,12,8,449,113,0,15,11,10,727,40,48,9,4,8,3,13,75,15,5,2,0,3,8,26,11,17,15,8,0,0,0
"2011-11-05","Sunderland","Manchester United","Home",1,0,6,4,3,420,101,0,9,8,9,680,40,45,5,2,38,2,17,92,7,14,0,0,1,3,28,17,10,9,7,0.111111111111111,0,1
"2011-11-05","Everton","Newcastle United","Home",2,1,3,6,3,236,129,0,7,1,8,529,53,57,18,3,23,3,11,89,14,16,2,0,3,6,28,12,8,7,11,0.285714285714286,0.0909090909090909,1
"2011-11-05","Manchester City","Queens Park Rangers","Home",2,3,5,9,8,355,119,2,15,6,7,634,51,47,14,2,31,3,6,73,6,14,1,0,2,6,28,9,14,17,15,0.117647058823529,0.2,-1
"2011-11-06","Stoke City","Bolton Wanderers","Home",5,0,9,4,9,311,152,4,11,8,9,660,65,55,16,10,37,3,20,105,11,10,0,0,2,3,84,8,13,15,9,0.333333333333333,0,5
"2011-11-06","Tottenham Hotspur","Fulham","Home",1,3,13,7,11,430,127,0,19,4,0,717,45,44,16,3,21,2,20,115,6,11,0,0,2,6,84,19,20,19,5,0.0526315789473684,0.6,-2
"2011-11-06","Wigan Athletic","Wolverhampton Wanderers","Home",3,1,10,1,2,280,136,1,7,6,9,623,59,59,26,5,33,2,16,105,11,13,2,0,6,10,65,20,11,8,12,0.375,0.0833333333333333,2
"2011-11-19","Wolverhampton Wanderers","Everton","Home",2,1,5,4,6,293,129,1,11,6,8,550,42,45,8,1,27,1,16,106,14,13,1,0,0,1,70,7,8,12,1,0.166666666666667,1,1
"2011-11-19","Newcastle United","Manchester City","Home",3,1,5,2,7,535,93,0,7,10,7,804,49,40,16,7,23,1,22,95,12,7,0,0,3,7,84,12,7,7,5,0.428571428571429,0.2,2
"2011-11-19","Arsenal","Norwich City","Home",1,2,2,4,3,312,125,0,6,3,6,604,50,51,16,8,30,3,21,110,11,10,3,0,7,10,98,18,5,6,17,0.166666666666667,0.117647058823529,-1
"2011-11-19","Queens Park Rangers","Stoke City","Home",2,3,5,11,3,136,97,2,11,1,4,409,47,54,16,5,58,2,5,67,17,9,4,0,2,5,28,11,16,13,8,0.153846153846154,0.375,-1
"2011-11-19","Fulham","Sunderland","Home",0,0,3,5,5,411,130,0,10,6,8,674,42,51,10,4,14,6,9,83,8,12,1,0,3,4,78,8,8,10,13,0,0,0
"2011-11-19","Manchester United","Swansea City","Home",0,1,1,4,5,507,102,0,7,12,13,777,51,49,14,5,17,3,24,117,6,8,0,0,4,3,65,18,5,7,9,0,0.111111111111111,-1
"2011-11-19","Bolton Wanderers","West Bromwich Albion","Home",2,1,6,7,3,400,129,2,12,6,6,693,59,60,18,2,28,3,14,105,13,13,1,0,2,11,65,14,13,14,8,0.142857142857143,0.125,1
"2011-11-19","Blackburn Rovers","Wigan Athletic","Home",3,3,6,13,7,352,95,2,20,6,19,587,47,46,18,4,14,1,3,57,14,14,2,0,0,4,56,7,19,22,4,0.136363636363636,0.75,0
"2011-11-20","Liverpool","Chelsea","Home",1,2,3,14,2,485,92,1,14,8,3,746,51,62,16,7,21,0,25,92,13,10,3,0,1,13,56,28,17,15,7,0.0666666666666667,0.285714285714286,-1
"2011-11-21","Aston Villa","Tottenham Hotspur","Home",2,0,6,11,5,562,99,1,14,12,8,813,49,46,12,1,18,0,13,79,4,5,0,0,1,5,78,9,15,15,3,0.133333333333333,0,2
"2011-11-26","Fulham","Arsenal","Home",1,1,9,7,4,494,101,1,16,14,11,772,57,49,23,5,13,5,23,123,10,7,1,0,2,7,112,14,15,17,9,0.0588235294117647,0.111111111111111,0
"2011-11-26","Everton","Bolton Wanderers","Home",0,2,3,0,5,276,116,0,6,0,7,565,52,45,16,12,47,6,10,88,11,10,1,1,7,3,28,9,3,6,16,0,0.125,-2
"2011-11-26","Wolverhampton Wanderers","Chelsea","Home",3,0,10,7,4,430,92,3,11,9,5,664,39,31,10,5,18,1,14,77,10,10,1,0,2,1,56,9,17,14,6,0.214285714285714,0,3
"2011-11-26","Newcastle United","Manchester United","Home",1,1,7,12,9,369,103,0,21,16,8,682,65,42,18,11,42,2,17,118,12,15,1,0,4,2,26,14,18,21,4,0.0476190476190476,0.25,0
"2011-11-26","Queens Park Rangers","Norwich City","Home",2,1,5,9,3,225,100,1,10,5,5,495,51,47,9,7,44,1,2,57,18,7,1,0,2,6,28,9,14,11,10,0.181818181818182,0.1,1
"2011-11-26","Blackburn Rovers","Stoke City","Home",3,1,3,4,2,211,102,3,6,2,16,512,35,61,14,4,59,6,12,93,11,6,0,0,4,10,26,17,7,9,8,0.333333333333333,0.125,2
"2011-11-26","Wigan Athletic","Sunderland","Home",1,2,9,7,3,348,124,0,13,8,3,621,58,49,24,6,7,3,11,99,12,13,3,0,2,12,84,15,16,13,7,0.0769230769230769,0.285714285714286,-1
"2011-11-26","Tottenham Hotspur","West Bromwich Albion","Home",1,3,5,4,2,307,100,1,10,5,10,555,51,49,18,6,22,6,11,83,11,13,2,0,8,9,84,13,9,11,18,0.0909090909090909,0.166666666666667,-2
"2011-11-27","Manchester City","Liverpool","Home",1,1,6,9,2,423,126,0,12,9,14,708,59,47,20,4,21,0,20,108,11,13,1,0,1,7,84,7,15,12,6,0.0833333333333333,0.166666666666667,0
"2011-11-27","Aston Villa","Swansea City","Home",0,0,1,4,2,504,98,0,7,9,12,754,49,60,14,3,29,5,15,85,9,16,3,0,2,11,84,16,5,7,10,0,0,0
"2011-12-03","Manchester United","Aston Villa","Home",0,1,2,4,3,257,139,0,8,3,3,536,52,37,12,4,29,4,14,80,4,12,0,0,3,8,28,5,6,8,13,0,0.0769230769230769,-1
"2011-12-03","Swansea City","Blackburn Rovers","Home",4,2,5,6,4,246,92,3,4,8,11,505,56,52,24,3,22,1,28,95,12,13,1,0,1,14,84,12,11,7,9,0.571428571428571,0.222222222222222,2
"2011-12-03","Norwich City","Manchester City","Home",5,1,10,6,10,634,95,3,16,6,5,883,34,28,8,4,22,0,17,81,10,10,0,0,1,2,84,9,16,19,4,0.263157894736842,0.25,4
"2011-12-03","Chelsea","Newcastle United","Home",0,3,3,7,6,361,109,0,10,12,10,623,51,50,17,9,13,5,9,103,7,6,2,0,6,8,84,17,10,10,17,0,0.176470588235294,-3
"2011-12-03","West Bromwich Albion","Queens Park Rangers","Home",1,1,2,8,1,291,126,1,7,8,11,615,51,53,14,8,41,5,14,107,8,9,0,0,4,8,72,8,10,8,9,0.125,0.111111111111111,0
"2011-12-03","Bolton Wanderers","Tottenham Hotspur","Home",3,0,12,11,4,503,81,3,21,7,7,734,37,47,11,3,15,6,17,97,10,5,0,0,4,6,26,15,22,24,15,0.125,0,3
"2011-12-03","Arsenal","Wigan Athletic","Home",0,4,3,2,2,298,78,0,5,9,15,494,45,39,15,6,16,2,14,79,9,12,3,0,3,10,70,1,5,5,13,0,0.307692307692308,-4
"2011-12-04","Stoke City","Everton","Home",0,1,0,7,7,411,133,0,9,5,8,680,37,51,3,4,25,1,12,71,14,14,0,0,1,4,84,12,7,9,4,0,0.25,-1
"2011-12-04","Sunderland","Wolverhampton Wanderers","Home",2,1,5,3,9,361,169,2,8,9,11,698,57,51,6,3,24,5,7,80,10,12,2,0,7,5,28,17,8,10,15,0.2,0.0666666666666667,1
"2011-12-05","Liverpool","Fulham","Home",1,0,8,6,5,365,101,0,16,9,12,635,52,49,17,5,38,5,18,109,12,9,3,0,6,7,78,3,13,16,16,0.0625,0,1
"2011-12-10","Everton","Arsenal","Home",1,0,3,6,5,470,113,1,12,8,7,741,49,43,11,5,18,1,20,91,7,13,2,0,0,3,112,14,9,13,6,0.0769230769230769,0,1
"2011-12-10","Aston Villa","Bolton Wanderers","Home",1,2,7,3,7,256,143,0,7,6,4,615,51,61,17,5,47,4,10,94,11,8,1,0,3,8,26,23,10,7,13,0.142857142857143,0.153846153846154,-1
"2011-12-10","Queens Park Rangers","Liverpool","Home",1,0,8,7,10,444,126,1,20,8,15,738,36,56,5,1,20,2,16,89,14,5,2,0,1,6,26,11,14,21,6,0.0476190476190476,0,1
"2011-12-10","Wolverhampton Wanderers","Manchester United","Home",4,1,13,2,5,410,117,4,15,3,5,699,45,44,16,2,46,3,16,125,10,9,1,0,4,10,28,11,15,19,9,0.210526315789474,0.111111111111111,3
"2011-12-10","Newcastle United","Norwich City","Home",4,2,5,2,7,330,130,2,7,2,6,623,35,39,13,5,44,5,8,73,10,8,3,0,4,6,28,7,7,9,10,0.444444444444444,0.2,2
"2011-12-10","Fulham","Swansea City","Home",2,0,5,9,3,508,70,2,9,5,10,724,32,40,12,4,16,1,10,79,8,7,1,0,7,4,112,9,14,11,8,0.181818181818182,0,2
"2011-12-10","Wigan Athletic","West Bromwich Albion","Home",1,2,3,9,11,391,103,0,19,3,16,663,42,47,15,6,7,3,26,102,11,8,2,0,2,5,28,12,12,19,4,0.0526315789473684,0.5,-1
"2011-12-11","Tottenham Hotspur","Stoke City","Home",2,1,6,4,3,193,96,1,7,7,10,474,41,47,9,4,48,5,8,79,9,7,2,0,7,10,26,4,9,8,16,0.25,0.0625,1
"2011-12-11","Blackburn Rovers","Sunderland","Home",2,1,5,10,8,441,173,0,11,10,7,771,41,47,16,2,24,0,13,102,11,7,2,0,1,6,78,13,15,11,1,0.181818181818182,1,1
"2011-12-12","Manchester City","Chelsea","Home",2,1,4,6,6,396,102,1,13,18,5,640,55,40,14,2,5,1,18,78,11,18,4,0,1,9,56,13,10,14,5,0.142857142857143,0.2,1
"2011-12-17","West Bromwich Albion","Blackburn Rovers","Home",1,2,6,4,6,273,112,1,12,6,9,551,43,35,8,5,37,4,11,82,7,10,1,0,2,6,84,3,10,13,13,0.0769230769230769,0.153846153846154,-1
"2011-12-17","Norwich City","Everton","Home",1,1,8,12,9,376,134,1,21,9,4,669,37,32,5,0,30,0,12,82,11,13,1,0,0,0,84,8,20,22,6,0.0454545454545455,0.166666666666667,0
"2011-12-17","Bolton Wanderers","Fulham","Home",2,0,5,9,9,353,120,2,17,8,6,656,57,48,20,4,24,2,16,108,8,11,1,0,6,10,22,16,14,19,12,0.105263157894737,0,2
"2011-12-17","Swansea City","Newcastle United","Home",0,0,3,14,5,364,116,0,14,6,11,629,57,55,20,6,7,0,6,86,12,11,1,0,0,5,28,18,17,14,2,0,0,0
"2011-12-17","Chelsea","Wigan Athletic","Home",1,1,6,6,2,425,96,0,9,12,8,690,37,46,10,5,30,3,17,94,11,6,0,0,1,12,130,11,12,9,10,0.111111111111111,0.1,0
"2011-12-17","Stoke City","Wolverhampton Wanderers","Home",1,2,3,4,4,265,157,0,7,4,4,584,47,42,11,5,34,0,8,65,12,16,2,0,3,3,28,10,7,7,8,0.142857142857143,0.25,-1
"2011-12-18","Liverpool","Aston Villa","Home",0,2,4,6,6,399,105,0,14,7,12,651,51,43,15,6,16,3,14,84,5,14,1,0,5,8,26,10,9,14,11,0,0.181818181818182,-2
"2011-12-18","Arsenal","Manchester City","Home",1,0,6,5,4,327,118,0,9,10,13,637,65,60,21,12,21,5,26,114,14,10,2,0,6,10,84,13,9,9,11,0.111111111111111,0,1
"2011-12-18","Manchester United","Queens Park Rangers","Home",0,2,2,8,1,290,132,0,7,8,15,613,50,52,18,6,30,4,19,97,5,7,1,0,5,6,84,9,9,7,20,0,0.1,-2
"2011-12-18","Sunderland","Tottenham Hotspur","Home",1,0,4,7,8,502,105,1,14,6,11,800,46,54,17,5,27,1,13,112,9,8,1,0,4,3,84,26,11,15,6,0.0666666666666667,0,1
"2011-12-20","Bolton Wanderers","Blackburn Rovers","Home",1,2,2,10,6,238,142,1,8,5,6,582,51,55,11,7,42,4,15,82,10,9,3,0,0,6,78,17,12,9,8,0.111111111111111,0.25,-1
"2011-12-20","Norwich City","Wolverhampton Wanderers","Home",2,2,6,11,4,386,137,1,14,5,11,715,41,42,8,5,43,5,14,82,5,12,2,0,7,1,26,10,17,15,15,0.133333333333333,0.133333333333333,0
"2011-12-21","Arsenal","Aston Villa","Home",1,2,3,5,1,227,113,0,6,6,15,530,52,59,26,5,26,3,22,106,12,8,1,1,3,12,78,8,7,6,10,0.166666666666667,0.2,-1
"2011-12-21","Swansea City","Everton","Home",1,0,4,7,4,310,124,1,9,6,7,583,52,42,13,3,23,4,14,84,8,13,1,0,1,6,112,10,11,10,4,0.1,0,1
"2011-12-21","Manchester United","Fulham","Home",0,5,5,5,5,356,90,0,13,5,13,587,38,41,19,1,20,7,14,84,7,8,1,0,3,3,78,12,10,13,17,0,0.294117647058824,-5
"2011-12-21","Stoke City","Manchester City","Home",3,0,11,3,8,851,94,1,15,7,10,1092,35,38,14,1,14,0,13,81,7,5,2,0,0,7,84,7,14,16,3,0.1875,0,3
"2011-12-21","West Bromwich Albion","Newcastle United","Home",2,3,5,11,10,385,106,1,19,10,5,667,41,50,6,2,21,2,23,101,9,11,1,0,2,5,28,21,15,20,14,0.1,0.214285714285714,-1
"2011-12-21","Sunderland","Queens Park Rangers","Home",2,3,6,7,8,314,127,1,12,5,11,653,63,76,14,7,54,8,8,82,10,11,2,0,3,10,56,20,13,13,13,0.153846153846154,0.230769230769231,-1
"2011-12-21","Liverpool","Wigan Athletic","Home",0,0,6,5,8,297,94,0,15,6,6,588,55,59,22,9,37,3,33,119,17,12,1,0,9,11,182,15,11,15,12,0,0,0
"2011-12-22","Chelsea","Tottenham Hotspur","Home",1,1,4,5,7,417,89,1,13,15,11,692,42,50,12,1,25,4,15,84,15,8,2,0,6,2,96,20,9,14,14,0.0714285714285714,0.0714285714285714,0
"2011-12-26","Newcastle United","Bolton Wanderers","Home",0,2,1,3,0,257,150,0,2,5,5,568,53,50,14,8,22,3,11,109,8,12,1,0,3,7,28,16,4,2,8,0,0.25,-2
"2011-12-26","Fulham","Chelsea","Home",1,1,12,10,3,470,92,1,21,11,11,713,56,54,19,4,10,1,23,101,10,12,1,0,4,14,56,13,22,22,8,0.0454545454545455,0.125,0
"2011-12-26","Blackburn Rovers","Liverpool","Home",1,1,7,15,5,490,128,1,18,8,11,776,55,47,14,3,5,1,16,101,6,15,1,0,1,7,26,9,22,19,5,0.0526315789473684,0.2,0
"2011-12-26","Wigan Athletic","Manchester United","Home",5,0,8,9,3,463,89,4,12,10,9,687,47,45,17,7,13,3,14,90,13,11,2,0,2,12,28,11,17,16,5,0.3125,0,5
"2011-12-26","Aston Villa","Stoke City","Home",0,0,1,6,3,161,115,0,9,3,11,451,46,56,15,2,41,2,12,70,13,11,3,0,2,5,26,15,7,9,8,0,0,0
"2011-12-26","Everton","Sunderland","Home",1,1,2,3,7,284,122,1,9,3,6,578,43,43,12,4,24,3,20,93,7,14,0,0,1,1,84,10,5,10,8,0.1,0.125,0
"2011-12-26","Manchester City","West Bromwich Albion","Home",0,0,1,5,2,183,87,0,6,4,9,426,44,30,18,3,38,4,13,89,8,9,0,0,4,4,26,3,6,6,12,0,0,0
"2011-12-27","Wolverhampton Wanderers","Arsenal","Home",1,1,11,7,9,591,105,1,18,9,8,844,46,29,12,0,12,3,10,65,5,12,2,0,0,2,112,10,17,19,3,0.0526315789473684,0.333333333333333,0
"2011-12-27","Tottenham Hotspur","Norwich City","Home",0,2,2,4,3,314,125,0,8,3,9,601,38,42,14,6,27,3,10,75,7,6,1,0,4,4,84,13,6,8,18,0,0.111111111111111,-2
"2011-12-27","Queens Park Rangers","Swansea City","Home",1,1,3,3,2,450,79,0,7,6,5,702,37,47,9,5,35,4,19,93,9,12,1,0,3,1,104,23,6,7,12,0.142857142857143,0.0833333333333333,0
"2011-12-30","Newcastle United","Liverpool","Home",3,1,4,9,3,411,123,1,8,9,4,671,51,27,13,6,8,0,11,89,7,11,0,0,0,2,65,13,13,9,3,0.333333333333333,0.333333333333333,2
"2011-12-31","Queens Park Rangers","Arsenal","Home",1,0,4,8,6,429,101,1,12,8,9,696,52,43,14,4,28,1,13,97,11,13,2,0,4,4,112,11,10,13,6,0.0769230769230769,0,1
"2011-12-31","Wolverhampton Wanderers","Bolton Wanderers","Home",1,1,8,4,1,233,147,1,11,3,2,582,59,29,17,4,52,1,22,110,12,9,0,0,1,1,26,7,12,12,8,0.0833333333333333,0.125,0
"2011-12-31","Aston Villa","Chelsea","Home",1,3,2,13,3,440,126,0,8,5,8,724,40,51,10,2,12,1,29,102,7,13,1,0,3,12,56,15,15,8,7,0.125,0.428571428571429,-2
"2011-12-31","Blackburn Rovers","Manchester United","Home",2,3,5,13,9,467,104,2,14,15,13,755,66,57,26,7,15,3,11,93,7,10,2,0,0,10,26,23,17,16,7,0.125,0.428571428571429,-1
"2011-12-31","Fulham","Norwich City","Home",1,1,4,8,8,404,109,1,14,1,6,648,32,39,18,1,20,3,3,63,10,7,0,0,1,8,84,12,12,15,9,0.0666666666666667,0.111111111111111,0
"2011-12-31","Wigan Athletic","Stoke City","Home",2,2,2,9,2,238,113,1,9,1,11,521,45,45,12,8,29,2,11,90,14,6,2,0,4,1,28,12,11,10,6,0.2,0.333333333333333,0
"2011-12-31","Tottenham Hotspur","Swansea City","Home",1,1,4,6,3,510,99,0,11,5,13,737,41,50,20,6,12,0,12,85,8,4,1,0,4,10,112,10,10,11,6,0.0909090909090909,0.166666666666667,0
"2012-01-01","Manchester City","Sunderland","Home",1,0,3,3,2,212,108,1,6,4,13,513,38,52,16,4,50,6,18,103,7,6,2,0,5,10,70,10,6,7,21,0.142857142857143,0,1
"2012-01-01","Everton","West Bromwich Albion","Home",0,1,0,10,3,375,112,0,11,4,8,640,37,38,9,3,32,6,14,88,11,8,0,0,3,2,24,7,10,11,8,0,0.125,-1
"2012-01-02","Swansea City","Aston Villa","Home",0,2,1,7,3,350,147,0,10,5,8,661,52,38,20,4,19,0,16,88,10,6,2,0,3,7,84,9,8,10,6,0,0.333333333333333,-2
"2012-01-02","Stoke City","Blackburn Rovers","Home",1,2,6,7,4,310,149,1,12,1,7,632,33,44,14,3,29,1,14,84,9,7,2,0,1,4,98,11,13,13,8,0.0769230769230769,0.25,-1
"2012-01-02","Arsenal","Fulham","Home",2,1,5,13,4,461,97,1,15,14,4,734,55,44,16,4,33,3,8,91,7,13,0,0,8,7,72,22,18,16,15,0.125,0.0666666666666667,1
"2012-01-02","Norwich City","Queens Park Rangers","Home",1,2,3,2,3,218,115,1,3,9,3,482,40,29,9,3,35,2,11,70,12,12,2,1,3,2,84,5,5,4,15,0.25,0.133333333333333,-1
"2012-01-02","Chelsea","Wolverhampton Wanderers","Home",1,2,4,4,1,232,111,1,7,1,7,482,25,43,13,2,19,4,23,82,11,8,3,0,5,5,70,13,8,8,13,0.125,0.153846153846154,-1
"2012-01-03","Liverpool","Manchester City","Home",3,0,6,2,3,270,89,2,6,5,4,539,39,52,13,6,44,3,12,94,13,7,0,1,6,8,78,16,8,8,9,0.375,0,3
"2012-01-03","West Bromwich Albion","Tottenham Hotspur","Home",1,0,5,5,10,576,105,1,17,10,2,850,47,36,11,3,22,3,26,119,4,14,0,0,1,5,28,19,10,18,4,0.0555555555555556,0,1
"2012-01-03","Sunderland","Wigan Athletic","Home",1,4,5,12,6,510,94,1,16,7,11,738,30,41,11,1,9,3,14,65,10,6,1,0,2,8,238,9,17,17,8,0.0588235294117647,0.5,-3
"2012-01-04","Bolton Wanderers","Everton","Home",1,2,3,6,1,251,124,1,5,6,6,561,41,40,12,5,39,4,22,89,8,11,1,0,5,4,28,11,9,6,12,0.166666666666667,0.166666666666667,-1
"2012-01-04","Manchester United","Newcastle United","Home",3,0,5,4,1,224,123,1,6,5,8,522,51,67,14,5,24,2,16,128,17,15,1,0,2,9,28,25,9,7,4,0.428571428571429,0,3
"2012-01-11","Everton","Tottenham Hotspur","Home",2,0,4,7,5,570,89,2,10,6,9,835,51,40,6,5,51,5,13,95,6,15,1,0,0,0,78,14,10,12,8,0.166666666666667,0,2
"2012-01-14","Everton","Aston Villa","Home",1,1,7,5,4,385,113,1,10,8,7,682,54,38,14,3,47,2,20,103,12,11,1,0,3,2,24,6,12,11,6,0.0909090909090909,0.166666666666667,0
"2012-01-14","Fulham","Blackburn Rovers","Home",3,1,6,4,4,281,78,1,7,4,7,535,38,33,17,4,39,3,31,116,15,10,1,1,4,2,78,2,9,8,15,0.375,0.0666666666666667,2
"2012-01-14","Sunderland","Chelsea","Home",1,0,7,12,6,495,91,0,15,11,11,757,50,51,15,2,28,1,19,104,10,9,3,0,3,9,104,16,19,15,8,0.0666666666666667,0,1
"2012-01-14","Stoke City","Liverpool","Home",0,0,1,9,5,529,144,0,11,11,11,822,46,47,11,5,15,0,10,95,6,11,0,0,1,2,221,14,10,11,2,0,0,0
"2012-01-14","Bolton Wanderers","Manchester United","Home",3,0,8,11,4,479,101,2,18,10,7,746,46,44,20,5,28,4,13,106,8,7,0,0,0,8,28,14,19,20,4,0.15,0,3
"2012-01-14","Wolverhampton Wanderers","Tottenham Hotspur","Home",1,1,7,13,8,505,115,1,18,9,16,824,51,50,9,1,20,0,24,105,6,13,1,0,2,4,78,15,20,19,3,0.0526315789473684,0.333333333333333,0
"2012-01-14","Norwich City","West Bromwich Albion","Home",1,2,7,10,2,403,130,0,14,4,15,708,44,41,12,4,20,2,25,104,6,15,0,0,1,2,84,12,17,14,7,0.0714285714285714,0.285714285714286,-1
"2012-01-15","Queens Park Rangers","Newcastle United","Home",1,0,1,5,5,455,130,1,7,8,9,726,47,55,9,6,10,4,9,72,6,9,0,0,6,8,28,16,6,8,12,0.125,0,1
"2012-01-15","Arsenal","Swansea City","Home",3,2,4,4,2,439,126,2,5,13,10,744,52,48,22,4,24,4,15,112,9,9,0,0,5,12,112,12,8,7,15,0.428571428571429,0.133333333333333,1
"2012-01-16","Manchester City","Wigan Athletic","Home",0,1,2,3,2,343,113,0,4,11,11,630,60,68,15,8,18,3,26,93,17,15,3,0,5,9,28,17,5,4,12,0,0.0833333333333333,-1
"2012-01-21","Liverpool","Bolton Wanderers","Home",3,1,5,8,3,211,136,3,10,4,3,529,40,50,13,5,34,3,21,100,10,13,0,0,4,3,65,18,13,13,10,0.230769230769231,0.1,2
"2012-01-21","Blackburn Rovers","Everton","Home",1,1,6,7,3,285,103,1,11,0,7,543,36,37,8,2,34,6,11,95,15,14,2,0,2,4,84,6,13,12,13,0.0833333333333333,0.0769230769230769,0
"2012-01-21","Newcastle United","Fulham","Home",5,2,9,3,0,277,103,2,5,4,7,565,55,55,21,3,34,3,15,105,11,13,0,0,6,10,84,15,9,7,12,0.714285714285714,0.166666666666667,3
"2012-01-21","Chelsea","Norwich City","Home",0,0,2,3,1,336,104,0,6,3,4,596,29,39,15,3,44,2,12,93,5,5,0,0,6,13,28,14,4,6,12,0,0,0
"2012-01-21","Wigan Athletic","Queens Park Rangers","Home",3,1,7,7,5,201,111,1,10,4,10,488,51,47,17,4,24,3,22,83,11,17,2,0,1,3,26,14,14,11,7,0.272727272727273,0.142857142857143,2
"2012-01-21","West Bromwich Albion","Stoke City","Home",1,2,2,6,4,227,122,1,7,6,10,556,42,51,10,9,61,2,16,99,10,9,0,0,3,11,28,13,8,8,11,0.125,0.181818181818182,-1
"2012-01-21","Swansea City","Sunderland","Home",2,0,3,6,6,216,102,2,8,5,8,489,42,47,23,5,22,6,22,107,10,6,0,0,3,14,84,9,8,10,13,0.2,0,2
"2012-01-21","Aston Villa","Wolverhampton Wanderers","Home",2,3,6,3,5,299,146,2,9,3,9,617,30,61,8,0,30,2,20,95,12,9,1,1,1,6,70,16,9,11,6,0.181818181818182,0.5,-1
"2012-01-22","Manchester United","Arsenal","Home",1,2,3,7,4,344,110,1,13,7,5,635,50,78,22,8,24,0,13,95,15,4,5,0,3,17,112,19,10,14,8,0.0714285714285714,0.25,-1
"2012-01-22","Tottenham Hotspur","Manchester City","Home",3,2,4,5,7,441,106,1,12,13,10,716,56,51,18,5,19,5,15,92,9,10,2,0,1,7,72,15,9,13,10,0.230769230769231,0.2,1
"2012-01-31","Manchester City","Everton","Home",1,0,3,5,3,210,102,1,8,4,14,515,43,64,21,5,38,10,17,104,12,9,1,0,3,4,65,18,8,9,17,0.111111111111111,0,1
"2012-01-31","Stoke City","Manchester United","Home",2,0,2,2,8,764,102,0,10,14,5,1008,44,36,13,2,24,2,10,81,10,14,1,0,2,1,24,9,4,10,7,0.2,0,2
"2012-01-31","Chelsea","Swansea City","Home",1,1,5,2,1,374,93,0,3,11,10,647,66,46,21,7,34,6,16,102,10,22,2,0,4,5,104,16,7,3,15,0.333333333333333,0.0666666666666667,0
"2012-01-31","Wigan Athletic","Tottenham Hotspur","Home",3,1,10,7,3,650,79,2,16,8,8,877,35,35,7,6,11,1,19,85,8,7,0,0,2,4,84,11,15,18,6,0.166666666666667,0.166666666666667,2
"2012-01-31","Liverpool","Wolverhampton Wanderers","Home",0,3,1,4,1,405,128,0,6,4,6,682,45,51,14,7,23,3,16,99,6,8,1,0,10,6,70,16,5,6,21,0,0.142857142857143,-3
"2012-02-01","Queens Park Rangers","Aston Villa","Home",2,2,12,6,8,558,132,2,19,7,11,861,44,30,8,4,24,1,34,106,3,13,0,0,2,7,72,3,18,21,3,0.0952380952380952,0.666666666666667,0
"2012-02-01","Newcastle United","Blackburn Rovers","Home",0,2,5,13,8,287,133,0,13,7,10,572,53,54,8,6,20,3,11,63,10,17,1,0,2,8,78,6,18,13,8,0,0.25,-2
"2012-02-01","Arsenal","Bolton Wanderers","Home",0,0,3,5,4,207,128,0,8,5,10,516,51,61,19,3,22,3,30,102,9,10,1,0,3,9,70,18,8,8,14,0,0,0
"2012-02-01","West Bromwich Albion","Fulham","Home",1,1,4,7,4,565,131,1,10,10,10,865,40,43,14,3,24,4,17,112,6,7,1,0,4,6,22,10,11,11,12,0.0909090909090909,0.0833333333333333,0
"2012-02-01","Norwich City","Sunderland","Home",3,0,5,3,4,296,131,1,10,10,10,602,62,60,19,7,35,4,18,97,6,14,1,0,2,2,84,11,7,11,9,0.272727272727273,0,3
"2012-02-04","Blackburn Rovers","Arsenal","Home",7,1,7,9,3,525,106,6,8,11,6,742,53,41,10,4,7,2,12,77,11,15,2,0,1,10,112,10,15,14,3,0.5,0.333333333333333,6
"2012-02-04","Fulham","Manchester City","Home",3,0,4,5,7,457,79,1,9,7,15,696,40,44,10,8,18,3,23,106,10,7,1,0,5,7,84,10,8,10,9,0.3,0,3
"2012-02-04","Bolton Wanderers","Norwich City","Home",2,0,6,14,4,354,104,0,18,3,2,621,27,37,8,3,31,6,9,58,6,9,0,0,2,8,28,9,20,18,9,0.111111111111111,0,2
"2012-02-04","Wolverhampton Wanderers","Queens Park Rangers","Home",1,2,6,5,2,227,115,1,10,7,6,518,47,41,11,8,36,0,16,75,9,13,0,1,3,5,28,13,11,11,10,0.0909090909090909,0.2,-1
"2012-02-04","Sunderland","Stoke City","Home",0,1,3,3,3,247,133,0,7,3,7,585,44,54,13,7,66,2,9,94,11,6,0,1,0,4,28,20,6,7,4,0,0.25,-1
"2012-02-04","Swansea City","West Bromwich Albion","Home",1,2,7,11,3,281,106,0,12,9,6,573,31,44,12,5,22,7,17,90,12,4,2,0,0,2,28,17,18,12,9,0.0833333333333333,0.222222222222222,-1
"2012-02-04","Everton","Wigan Athletic","Home",1,1,2,2,6,341,135,0,6,3,11,629,47,46,15,2,18,1,13,61,15,9,2,0,3,3,140,9,4,6,7,0.166666666666667,0.142857142857143,0
"2012-02-05","Manchester United","Chelsea","Home",3,3,8,9,3,289,88,2,15,6,10,572,40,63,7,1,33,3,28,106,16,14,2,0,6,9,96,19,17,17,12,0.176470588235294,0.25,0
"2012-02-05","Aston Villa","Newcastle United","Home",2,1,3,7,8,327,147,1,10,12,9,681,64,72,19,5,22,2,16,118,6,11,1,0,6,11,28,31,9,11,13,0.181818181818182,0.0769230769230769,1
"2012-02-06","Tottenham Hotspur","Liverpool","Home",0,0,4,6,7,424,112,0,15,5,10,691,49,44,20,4,14,3,16,95,8,11,2,0,3,5,52,11,10,15,6,0,0,0
"2012-02-11","Queens Park Rangers","Blackburn Rovers","Home",3,2,2,3,3,275,129,2,5,6,12,608,49,47,17,7,51,12,28,118,11,10,1,0,5,10,84,6,5,7,22,0.428571428571429,0.0909090909090909,1
"2012-02-11","Wigan Athletic","Bolton Wanderers","Home",1,2,4,5,4,163,139,1,10,2,3,453,46,43,13,6,27,2,5,66,20,12,3,0,4,3,28,4,9,11,11,0.0909090909090909,0.181818181818182,-1
"2012-02-11","Chelsea","Everton","Home",2,0,4,2,3,206,97,1,3,9,8,485,48,36,16,5,39,9,17,112,16,12,0,0,4,6,84,5,6,4,6,0.5,0,2
"2012-02-11","Stoke City","Fulham","Home",2,1,3,5,2,328,151,1,8,5,7,624,42,51,11,3,35,3,17,85,13,7,1,0,1,3,84,8,8,9,11,0.222222222222222,0.0909090909090909,1
"2012-02-11","Liverpool","Manchester United","Home",2,1,6,5,0,532,87,1,8,7,5,781,48,50,18,5,28,2,21,105,10,11,1,0,2,5,22,17,11,9,6,0.222222222222222,0.166666666666667,1
"2012-02-11","Arsenal","Sunderland","Home",1,2,3,4,3,224,93,0,2,5,19,485,36,58,15,6,34,6,14,76,9,8,2,0,2,9,60,6,7,2,10,0.5,0.2,-1
"2012-02-11","Norwich City","Swansea City","Home",2,3,4,6,7,434,115,1,11,5,1,725,43,42,8,5,26,1,18,75,6,11,0,0,6,3,112,16,10,12,12,0.166666666666667,0.25,-1
"2012-02-11","Newcastle United","Tottenham Hotspur","Home",5,0,7,9,2,617,91,5,9,7,10,875,41,41,15,2,20,2,15,103,7,9,2,0,2,5,28,14,16,14,5,0.357142857142857,0,5
"2012-02-12","Manchester City","Aston Villa","Home",0,1,3,3,3,221,127,0,8,4,15,531,51,68,14,6,37,3,22,91,15,6,3,0,6,12,112,8,6,8,15,0,0.0666666666666667,-1
"2012-02-12","West Bromwich Albion","Wolverhampton Wanderers","Home",1,5,5,1,6,333,125,1,7,7,1,614,48,35,14,4,16,4,16,80,6,11,1,0,8,7,26,10,6,8,24,0.125,0.208333333333333,-4
"2012-02-25","Bolton Wanderers","Chelsea","Home",3,0,13,9,4,398,101,2,18,6,11,688,51,43,16,6,32,4,26,101,8,12,0,0,1,6,56,8,19,20,8,0.15,0,3
"2012-02-25","Blackburn Rovers","Manchester City","Home",3,0,9,12,7,717,81,2,23,7,8,944,42,27,10,3,19,4,17,81,8,10,0,0,1,1,84,6,19,25,3,0.12,0,3
"2012-02-25","Wolverhampton Wanderers","Newcastle United","Home",2,2,5,5,5,340,102,0,13,4,6,598,38,50,11,6,26,5,16,71,8,8,1,0,2,5,28,20,10,13,7,0.153846153846154,0.285714285714286,0
"2012-02-25","Fulham","Queens Park Rangers","Home",0,1,7,8,2,326,104,0,14,7,13,594,46,54,15,5,33,2,25,106,17,12,0,1,1,9,78,9,15,14,6,0,0.166666666666667,-1
"2012-02-25","Sunderland","West Bromwich Albion","Home",4,0,10,6,4,475,133,4,11,12,9,777,45,41,15,2,10,2,14,108,6,8,1,0,3,5,70,14,15,15,8,0.266666666666667,0,4
"2012-02-25","Aston Villa","Wigan Athletic","Home",0,0,2,10,6,304,136,0,14,5,12,594,37,49,13,0,16,1,10,57,9,8,0,0,3,7,154,13,12,14,6,0,0,0
"2012-02-26","Tottenham Hotspur","Arsenal","Home",5,2,8,8,7,427,99,4,13,11,11,713,61,64,19,8,23,0,16,106,16,12,3,0,3,5,112,23,14,17,6,0.294117647058824,0.333333333333333,3
"2012-02-26","Manchester United","Norwich City","Home",1,2,5,8,3,353,134,1,13,0,5,626,33,35,10,3,24,2,8,75,9,10,1,0,4,6,28,9,13,14,11,0.0714285714285714,0.181818181818182,-1
"2012-02-26","Swansea City","Stoke City","Home",2,0,2,3,4,149,84,2,5,4,6,418,55,56,18,10,43,2,12,81,14,8,1,0,2,8,28,21,5,7,8,0.285714285714286,0,2
"2012-03-03","Aston Villa","Blackburn Rovers","Home",1,1,4,7,4,321,153,1,9,5,16,657,39,50,14,5,22,7,13,86,10,5,1,0,4,5,104,11,11,10,13,0.1,0.0769230769230769,0
"2012-03-03","Arsenal","Liverpool","Home",1,2,4,8,0,375,141,0,8,7,12,676,53,49,17,8,14,0,10,102,10,10,0,0,5,8,26,9,12,8,10,0.125,0.2,-1
"2012-03-03","Bolton Wanderers","Manchester City","Home",2,0,8,12,4,542,82,1,18,10,10,788,38,50,11,6,21,0,21,99,14,7,0,0,5,9,70,11,19,19,8,0.105263157894737,0,2
"2012-03-03","Everton","Queens Park Rangers","Home",1,1,5,12,5,232,113,1,13,3,7,520,46,51,11,5,35,2,15,72,18,14,1,0,1,6,60,12,16,14,6,0.0714285714285714,0.166666666666667,0
"2012-03-03","Norwich City","Stoke City","Home",1,0,4,6,2,200,120,1,9,3,7,513,35,35,6,4,47,3,10,67,12,15,0,0,3,1,28,7,10,10,7,0.1,0,1
"2012-03-03","Chelsea","West Bromwich Albion","Home",1,0,7,11,7,296,109,1,16,9,10,571,46,41,20,2,25,5,14,87,9,10,3,0,2,5,56,10,18,17,9,0.0588235294117647,0,1
"2012-03-03","Swansea City","Wigan Athletic","Home",0,2,2,8,6,322,116,0,12,1,12,589,33,58,12,9,14,2,22,63,14,8,2,0,3,13,140,14,10,12,8,0,0.25,-2
"2012-03-04","Wolverhampton Wanderers","Fulham","Home",5,0,12,7,8,532,74,4,19,6,7,751,33,31,7,6,18,7,10,79,7,10,1,0,1,4,28,12,14,23,9,0.217391304347826,0,5
"2012-03-04","Sunderland","Newcastle United","Home",1,1,5,14,11,359,135,1,12,11,13,678,58,57,18,2,21,3,4,82,14,14,5,0,3,5,28,14,19,13,4,0.0769230769230769,0.25,0
"2012-03-04","Manchester United","Tottenham Hotspur","Home",1,3,6,8,4,434,110,0,13,12,10,710,41,44,5,8,17,0,25,87,10,10,1,0,2,5,28,12,13,13,5,0.0769230769230769,0.6,-2
"2012-03-10","Fulham","Aston Villa","Home",1,0,6,8,2,375,120,0,11,3,11,635,44,38,12,3,24,2,25,113,9,11,2,0,1,7,84,2,14,11,5,0.0909090909090909,0,1
"2012-03-10","Queens Park Rangers","Bolton Wanderers","Home",2,1,3,6,3,275,127,2,9,5,15,602,47,60,10,7,44,8,17,79,15,14,2,0,3,5,56,15,9,11,12,0.181818181818182,0.0833333333333333,1
"2012-03-10","Stoke City","Chelsea","Home",1,0,8,10,5,482,99,1,17,8,2,741,56,39,15,4,33,3,7,77,12,15,1,0,0,4,112,11,18,18,4,0.0555555555555556,0,1
"2012-03-10","Tottenham Hotspur","Everton","Home",1,0,5,1,3,248,98,1,6,3,9,527,40,65,12,8,26,7,18,85,14,11,2,0,5,9,84,21,5,7,19,0.142857142857143,0,1
"2012-03-10","Liverpool","Sunderland","Home",1,0,2,5,0,232,127,0,6,9,8,536,60,60,16,12,39,2,23,90,13,15,1,0,3,7,26,12,7,6,8,0.166666666666667,0,1
"2012-03-10","Blackburn Rovers","Wolverhampton Wanderers","Home",0,2,3,7,4,355,138,0,12,4,10,656,54,51,15,6,34,5,3,75,10,10,1,0,3,6,70,14,10,12,9,0,0.222222222222222,-2
"2012-03-11","West Bromwich Albion","Manchester United","Home",2,0,8,10,5,624,87,1,19,14,9,859,49,37,17,1,23,1,13,93,5,13,0,0,3,6,26,11,17,20,5,0.1,0,2
"2012-03-11","Wigan Athletic","Norwich City","Home",1,1,2,7,5,336,97,1,12,3,4,607,39,45,12,7,36,2,14,92,12,7,4,0,6,8,42,7,8,13,18,0.0769230769230769,0.0555555555555556,0
"2012-03-11","Manchester City","Swansea City","Home",1,0,5,5,2,474,102,1,9,3,10,735,41,40,11,3,21,8,23,91,9,14,0,0,6,6,104,10,10,10,18,0.1,0,1
"2012-03-12","Newcastle United","Arsenal","Home",2,1,8,8,7,485,100,1,16,12,10,758,52,57,15,4,12,2,11,94,11,12,2,0,1,3,104,14,15,17,3,0.117647058823529,0.333333333333333,1
"2012-03-13","Everton","Liverpool","Home",3,0,9,5,2,343,115,2,9,7,8,633,52,40,11,7,31,3,17,86,6,7,1,0,1,5,24,10,13,11,6,0.272727272727273,0,3
"2012-03-17","Swansea City","Fulham","Home",0,3,5,7,4,356,96,0,9,6,13,607,37,44,13,4,11,1,24,99,8,7,0,0,2,3,28,12,12,9,9,0,0.333333333333333,-3
"2012-03-17","West Bromwich Albion","Wigan Athletic","Home",1,1,5,14,2,343,118,0,18,3,9,598,37,48,12,2,14,3,14,65,8,10,2,0,0,8,70,12,19,18,10,0.0555555555555556,0.1,0
"2012-03-18","Norwich City","Newcastle United","Home",1,0,6,6,2,322,121,1,9,2,5,592,47,46,14,6,16,2,19,103,8,15,0,0,4,7,42,12,12,10,9,0.1,0,1
"2012-03-18","Manchester United","Wolverhampton Wanderers","Home",0,5,3,4,0,365,91,0,6,9,12,587,41,41,8,3,15,9,23,99,6,11,0,1,4,7,70,8,7,6,20,0,0.25,-5
"2012-03-20","Sunderland","Blackburn Rovers","Home",2,0,6,7,3,255,114,1,8,7,14,554,45,55,9,2,29,0,29,103,12,9,0,0,1,1,72,10,12,9,2,0.222222222222222,0,2
"2012-03-21","Arsenal","Everton","Home",0,1,1,4,2,243,109,0,4,0,6,509,38,59,12,4,30,5,19,78,11,12,2,0,3,10,84,10,5,4,11,0,0.0909090909090909,-1
"2012-03-21","Chelsea","Manchester City","Home",2,1,5,9,7,500,107,1,12,16,8,791,47,48,12,6,20,3,20,98,10,7,1,0,1,7,84,12,14,13,6,0.153846153846154,0.166666666666667,1
"2012-03-21","Liverpool","Queens Park Rangers","Home",3,2,5,4,2,356,101,3,5,8,9,647,44,50,12,9,55,5,20,99,8,6,0,0,5,9,28,12,9,8,14,0.375,0.142857142857143,1
"2012-03-21","Stoke City","Tottenham Hotspur","Home",1,1,7,7,12,406,126,1,17,11,11,735,44,60,12,3,30,1,23,107,11,10,1,0,1,5,84,18,14,18,6,0.0555555555555556,0.166666666666667,0
"2012-03-24","Aston Villa","Arsenal","Home",3,0,8,7,4,562,97,2,12,10,5,779,42,35,10,0,12,2,5,81,7,13,0,0,0,6,112,9,15,14,3,0.214285714285714,0,3
"2012-03-24","Blackburn Rovers","Bolton Wanderers","Home",2,1,4,9,4,276,127,1,12,6,7,593,41,43,12,4,43,2,11,84,8,3,0,0,2,5,72,8,12,13,9,0.153846153846154,0.111111111111111,1
"2012-03-24","Tottenham Hotspur","Chelsea","Home",0,0,2,3,4,316,113,0,7,5,3,570,47,48,16,4,21,5,11,71,11,10,1,0,3,10,112,16,5,7,14,0,0,0
"2012-03-24","Wigan Athletic","Liverpool","Home",1,2,5,6,8,451,120,1,13,10,8,726,45,49,10,5,11,4,8,73,17,10,1,0,0,9,98,13,11,14,2,0.0714285714285714,1,-1
"2012-03-24","Wolverhampton Wanderers","Norwich City","Home",2,1,4,4,6,436,124,1,6,7,3,744,42,46,13,4,59,6,11,79,12,8,1,1,1,5,28,14,8,7,8,0.285714285714286,0.125,1
"2012-03-24","Manchester City","Stoke City","Home",1,1,3,7,1,171,93,1,7,7,8,446,51,60,12,4,33,5,16,79,15,13,1,0,5,3,28,18,10,8,13,0.125,0.0769230769230769,0
"2012-03-24","Queens Park Rangers","Sunderland","Home",3,1,4,8,5,347,115,2,9,6,13,627,50,51,10,6,23,5,18,85,11,9,2,0,0,6,84,7,12,11,8,0.272727272727273,0.125,2
"2012-03-24","Everton","Swansea City","Home",0,2,1,7,3,489,95,0,8,5,1,739,46,36,13,5,27,3,19,99,10,11,1,0,3,2,112,11,8,8,11,0,0.181818181818182,-2
"2012-03-25","Newcastle United","West Bromwich Albion","Home",1,3,2,9,6,308,143,0,11,12,11,620,56,46,15,7,8,1,10,87,11,4,0,0,4,6,70,10,11,11,5,0.0909090909090909,0.6,-2
"2012-03-26","Fulham","Manchester United","Home",1,0,9,4,8,636,107,1,14,12,4,906,43,52,13,2,32,4,18,117,17,6,1,0,2,6,28,19,13,15,7,0.0666666666666667,0,1
"2012-03-31","Chelsea","Aston Villa","Home",2,4,5,4,0,267,107,2,6,2,5,518,32,41,10,3,27,3,24,95,15,6,1,0,2,8,26,4,9,8,9,0.25,0.444444444444444,-2
"2012-03-31","West Bromwich Albion","Everton","Home",2,0,7,6,4,397,119,2,12,7,5,679,42,37,13,4,23,3,20,112,8,12,2,0,2,8,84,9,13,14,7,0.142857142857143,0,2
"2012-03-31","Norwich City","Fulham","Home",2,1,8,4,3,328,112,1,10,4,7,598,45,33,15,4,41,4,16,104,12,9,1,0,3,2,84,9,12,11,13,0.181818181818182,0.0769230769230769,1
"2012-03-31","Sunderland","Manchester City","Home",3,3,7,8,11,465,114,2,14,3,13,751,33,43,10,2,21,2,21,95,12,14,1,0,0,1,84,11,14,16,8,0.1875,0.375,0
"2012-03-31","Arsenal","Queens Park Rangers","Home",2,1,6,3,2,218,107,2,7,10,10,510,56,57,21,11,24,2,22,110,15,9,5,0,5,8,60,17,9,9,8,0.222222222222222,0.125,1
"2012-03-31","Stoke City","Wigan Athletic","Home",2,0,6,3,5,372,112,1,10,7,9,631,48,49,11,10,26,0,16,66,16,14,2,0,1,4,84,8,7,11,4,0.181818181818182,0,2
"2012-03-31","Bolton Wanderers","Wolverhampton Wanderers","Home",2,3,6,7,3,232,118,1,12,4,7,541,55,47,11,3,56,4,9,95,12,11,1,0,4,6,28,10,12,13,14,0.153846153846154,0.214285714285714,-1
"2012-04-01","Liverpool","Newcastle United","Home",2,0,3,4,3,376,102,2,8,7,9,643,44,50,11,6,28,4,18,89,10,10,3,0,1,7,70,10,7,10,5,0.2,0,2
"2012-04-01","Swansea City","Tottenham Hotspur","Home",3,1,9,9,2,364,75,2,14,11,8,621,57,51,24,7,12,5,30,109,10,12,0,0,1,11,70,16,17,16,8,0.1875,0.125,2
"2012-04-02","Manchester United","Blackburn Rovers","Home",0,2,4,5,2,190,86,0,7,4,9,443,34,41,9,6,42,3,16,72,11,5,1,0,3,7,66,7,9,7,11,0,0.181818181818182,-2
"2012-04-06","Newcastle United","Swansea City","Home",0,2,8,6,5,846,99,0,15,14,6,1081,38,38,10,3,8,1,17,92,10,8,1,0,1,5,104,10,14,15,4,0,0.5,-2
"2012-04-07","Fulham","Bolton Wanderers","Home",0,3,1,7,4,379,122,0,9,4,5,633,38,49,10,2,26,2,17,87,12,7,1,0,3,9,56,12,8,9,9,0,0.333333333333333,-3
"2012-04-07","Wigan Athletic","Chelsea","Home",2,1,8,9,3,386,89,1,14,8,9,636,48,47,17,3,16,1,13,102,14,11,2,0,2,4,112,20,17,15,9,0.133333333333333,0.111111111111111,1
"2012-04-07","Aston Villa","Liverpool","Home",1,1,5,17,2,535,142,0,19,9,7,826,41,29,12,0,16,1,8,86,4,9,1,0,1,2,84,8,22,19,4,0.0526315789473684,0.25,0
"2012-04-07","Everton","Norwich City","Home",2,2,6,3,6,330,140,2,6,2,5,627,48,38,13,4,45,3,19,90,7,17,0,0,3,4,84,8,7,8,6,0.25,0.333333333333333,0
"2012-04-07","Wolverhampton Wanderers","Stoke City","Home",2,1,4,7,2,214,119,2,7,3,9,508,52,42,9,5,56,5,8,71,8,11,1,0,3,5,28,8,11,9,7,0.222222222222222,0.142857142857143,1
"2012-04-07","Tottenham Hotspur","Sunderland","Home",0,0,3,4,5,208,91,0,9,4,7,456,46,61,15,7,32,7,17,87,12,10,2,0,1,10,78,17,7,9,10,0,0,0
"2012-04-07","Blackburn Rovers","West Bromwich Albion","Home",3,0,5,5,3,331,108,2,9,5,6,579,37,37,14,1,17,4,16,90,7,9,1,0,7,11,70,5,10,11,12,0.272727272727273,0,3
"2012-04-08","Manchester City","Arsenal","Home",1,0,5,6,2,460,133,0,9,11,8,758,64,55,21,6,14,2,15,89,14,14,2,0,0,12,112,10,10,9,4,0.111111111111111,0,1
"2012-04-08","Queens Park Rangers","Manchester United","Home",2,0,10,12,5,680,98,1,18,5,3,918,36,45,14,4,14,7,11,91,13,10,1,0,0,3,28,16,21,19,7,0.105263157894737,0,2
"2012-04-09","Stoke City","Aston Villa","Home",1,1,3,4,0,281,129,1,5,4,8,570,45,54,14,2,48,1,14,83,10,10,3,0,1,3,28,4,7,6,6,0.166666666666667,0.166666666666667,0
"2012-04-09","Sunderland","Everton","Home",4,0,5,9,8,497,101,2,17,10,2,765,56,39,14,4,25,0,14,100,7,12,0,0,0,6,112,14,14,19,3,0.210526315789474,0,4
"2012-04-09","Chelsea","Fulham","Home",1,1,7,1,2,415,87,1,7,4,7,659,52,30,20,5,33,4,20,104,6,16,1,0,2,3,84,9,8,8,10,0.125,0.1,0
"2012-04-09","Bolton Wanderers","Newcastle United","Home",2,0,3,2,3,324,110,2,4,11,1,581,51,48,10,1,24,3,24,91,7,18,1,0,3,10,28,15,4,6,6,0.333333333333333,0,2
"2012-04-09","Norwich City","Tottenham Hotspur","Home",1,2,3,5,7,359,123,1,12,3,8,664,39,48,16,1,40,2,18,104,14,12,1,0,2,3,28,9,7,13,6,0.0769230769230769,0.333333333333333,-1
"2012-04-10","Liverpool","Blackburn Rovers","Home",2,3,6,5,4,297,115,1,9,7,7,542,41,58,11,3,11,5,12,62,16,12,4,0,2,6,78,10,11,10,9,0.2,0.333333333333333,-1
"2012-04-11","West Bromwich Albion","Manchester City","Home",4,0,7,5,7,654,95,4,15,6,8,893,37,37,12,3,11,1,20,99,8,10,0,0,1,4,84,14,12,19,5,0.210526315789474,0,4
"2012-04-11","Swansea City","Queens Park Rangers","Home",3,0,6,8,4,304,85,2,11,10,4,543,38,40,13,3,24,6,15,80,10,9,2,0,2,5,70,15,14,13,8,0.230769230769231,0,3
"2012-04-11","Manchester United","Wigan Athletic","Home",1,0,3,3,7,298,94,1,7,12,15,550,51,45,10,10,22,2,26,80,8,14,1,0,1,4,143,14,6,8,9,0.125,0,1
"2012-04-11","Arsenal","Wolverhampton Wanderers","Home",0,3,2,4,4,243,89,0,7,5,10,481,38,46,13,6,20,2,31,101,8,4,3,1,4,11,70,6,6,7,9,0,0.333333333333333,-3
"2012-04-14","Manchester City","Norwich City","Home",1,6,6,5,5,404,123,0,10,6,6,688,30,56,14,4,23,6,11,93,10,4,1,0,5,18,28,17,10,10,19,0.1,0.315789473684211,-5
"2012-04-14","Wolverhampton Wanderers","Sunderland","Home",0,0,3,10,2,296,114,0,14,5,10,585,46,31,17,5,33,2,12,86,4,12,0,0,5,2,72,7,11,14,10,0,0,0
"2012-04-14","Blackburn Rovers","Swansea City","Home",3,0,8,10,4,566,91,2,15,9,9,810,44,36,13,6,20,0,13,89,8,13,0,0,2,5,112,12,18,17,7,0.176470588235294,0,3
"2012-04-14","Queens Park Rangers","West Bromwich Albion","Home",1,0,5,5,5,304,114,1,13,4,6,568,40,45,14,3,14,3,14,82,13,10,3,0,2,7,28,12,10,14,14,0.0714285714285714,0,1
"2012-04-15","Aston Villa","Manchester United","Home",4,0,9,9,11,494,94,3,19,13,13,753,55,37,20,6,26,2,11,96,9,7,3,0,2,2,28,5,18,22,10,0.181818181818182,0,4
"2012-04-16","Wigan Athletic","Arsenal","Home",1,2,5,10,8,507,97,1,17,14,16,771,57,67,15,2,12,4,10,85,16,13,2,0,5,15,112,11,15,18,8,0.0555555555555556,0.25,-1
"2012-04-21","Chelsea","Arsenal","Home",0,0,4,6,3,453,92,0,10,7,5,697,53,44,18,6,20,6,15,94,12,11,3,0,2,6,112,17,10,10,10,0,0,0
"2012-04-21","Sunderland","Aston Villa","Home",0,0,4,4,5,218,139,0,10,8,11,548,57,54,17,4,30,4,18,102,11,8,0,0,2,3,28,14,8,10,11,0,0,0
"2012-04-21","Norwich City","Blackburn Rovers","Home",2,0,3,3,2,198,124,2,5,2,7,496,38,42,8,1,41,1,20,77,10,13,1,0,3,5,84,14,6,7,11,0.285714285714286,0,2
"2012-04-21","Swansea City","Bolton Wanderers","Home",1,1,2,4,4,208,116,1,5,5,4,493,36,50,12,1,34,13,13,86,19,8,2,0,3,12,84,12,6,6,19,0.166666666666667,0.0526315789473684,0
"2012-04-21","Wigan Athletic","Fulham","Home",2,1,4,6,4,453,85,2,10,3,7,669,38,37,10,5,11,1,18,81,11,16,1,0,3,4,72,11,10,12,8,0.166666666666667,0.125,1
"2012-04-21","Stoke City","Newcastle United","Home",3,0,9,5,3,446,104,1,11,3,6,699,46,47,15,6,21,2,13,103,9,10,0,0,0,1,56,18,14,12,5,0.25,0,3
"2012-04-21","Tottenham Hotspur","Queens Park Rangers","Home",1,0,3,7,2,196,91,0,8,9,7,479,42,51,12,6,33,6,22,97,13,9,3,1,6,14,60,11,10,8,14,0.125,0,1
"2012-04-22","West Bromwich Albion","Liverpool","Home",0,1,6,16,8,490,134,0,23,8,12,806,46,53,10,4,20,2,13,86,12,8,2,0,2,3,28,14,22,23,6,0,0.166666666666667,-1
"2012-04-22","Everton","Manchester United","Home",4,4,7,10,7,446,123,4,13,8,10,751,45,55,15,5,18,3,13,95,9,10,1,0,3,2,26,14,17,17,15,0.235294117647059,0.266666666666667,0
"2012-04-22","Manchester City","Wolverhampton Wanderers","Home",0,2,3,2,1,407,117,0,4,4,17,676,34,50,14,2,24,4,16,82,6,10,0,0,3,10,70,9,5,4,14,0,0.142857142857143,-2
"2012-04-24","Bolton Wanderers","Aston Villa","Home",1,2,4,12,2,174,153,1,13,9,12,518,74,59,14,8,15,8,12,75,9,16,1,0,4,6,56,9,16,14,9,0.0714285714285714,0.222222222222222,-1
"2012-04-28","Fulham","Everton","Home",4,0,7,2,3,558,82,3,5,4,4,783,40,40,19,5,22,3,16,96,14,9,1,0,2,8,70,11,9,8,4,0.5,0,4
"2012-04-28","Liverpool","Norwich City","Home",0,3,1,6,2,369,109,0,7,1,5,641,34,34,18,3,37,4,18,105,9,4,4,0,2,8,70,8,7,7,9,0,0.333333333333333,-3
"2012-04-28","Arsenal","Stoke City","Home",1,1,2,1,2,209,111,1,2,1,3,499,52,42,17,5,48,5,18,99,8,11,1,0,4,9,28,12,3,3,12,0.333333333333333,0.0833333333333333,0
"2012-04-28","Bolton Wanderers","Sunderland","Home",2,2,3,6,3,294,121,1,8,5,11,596,54,67,13,5,38,3,20,107,9,17,1,0,4,10,26,15,9,9,11,0.222222222222222,0.181818181818182,0
"2012-04-28","Wolverhampton Wanderers","Swansea City","Home",4,4,7,2,2,448,97,3,5,11,4,690,46,33,14,6,30,3,10,103,8,8,2,0,2,4,169,12,9,8,11,0.5,0.363636363636364,0
"2012-04-28","Aston Villa","West Bromwich Albion","Home",0,0,3,6,11,306,112,0,16,4,6,574,57,47,16,3,26,4,8,87,15,15,0,0,3,0,26,13,8,16,10,0,0,0
"2012-04-28","Newcastle United","Wigan Athletic","Home",4,0,6,2,2,459,79,3,4,4,7,665,38,46,13,3,17,1,14,80,15,12,2,0,2,7,143,10,8,7,8,0.571428571428571,0,4
"2012-04-29","Queens Park Rangers","Chelsea","Home",6,1,13,7,10,485,66,3,19,9,9,698,29,36,11,0,13,5,21,103,9,8,0,0,1,4,112,13,20,22,11,0.272727272727273,0.0909090909090909,5
"2012-04-29","Blackburn Rovers","Tottenham Hotspur","Home",2,0,5,11,3,635,101,0,14,13,14,904,57,33,19,3,22,0,18,107,6,14,0,0,0,3,84,9,15,14,0,0.142857142857143,0,2
"2012-04-30","Manchester United","Manchester City","Home",1,0,3,7,5,386,100,1,14,14,10,690,58,57,13,5,29,3,18,89,11,14,3,0,0,1,112,27,10,15,4,0.0666666666666667,0,1
"2012-05-01","Fulham","Liverpool","Home",0,1,4,15,2,508,113,0,14,4,8,755,53,43,16,6,7,2,11,93,12,7,0,0,4,7,112,8,19,14,8,0,0.125,-1
"2012-05-01","Everton","Stoke City","Home",1,1,3,6,2,182,118,0,7,5,8,492,63,37,14,4,59,1,14,105,6,14,2,0,4,1,28,8,9,7,10,0.142857142857143,0.1,0
"2012-05-02","Tottenham Hotspur","Bolton Wanderers","Home",1,4,5,7,3,325,120,1,8,3,3,603,38,47,13,5,14,3,23,89,6,8,2,0,3,7,28,17,11,9,12,0.111111111111111,0.333333333333333,-3
"2012-05-02","Newcastle United","Chelsea","Home",0,2,3,11,4,477,112,0,13,7,8,745,44,52,13,5,23,1,17,104,10,5,0,0,2,10,56,15,14,13,9,0,0.222222222222222,-2
"2012-05-05","Norwich City","Arsenal","Home",3,3,11,7,5,436,124,2,16,13,8,742,53,41,8,1,23,3,22,97,9,15,2,0,1,1,112,17,18,18,11,0.166666666666667,0.272727272727273,0
"2012-05-06","Tottenham Hotspur","Aston Villa","Home",1,1,1,1,2,226,96,1,2,0,8,503,43,59,19,11,45,8,19,101,11,8,1,0,3,11,70,14,2,3,17,0.333333333333333,0.0588235294117647,0
"2012-05-06","West Bromwich Albion","Bolton Wanderers","Home",2,2,5,6,4,222,105,0,9,5,1,511,41,45,16,4,29,4,23,95,16,9,1,0,8,6,28,11,11,9,16,0.222222222222222,0.125,0
"2012-05-06","Sunderland","Fulham","Home",2,1,8,6,8,554,92,1,15,9,9,783,47,39,14,3,16,2,12,95,8,13,0,0,5,6,78,12,12,16,9,0.125,0.111111111111111,1
"2012-05-06","Swansea City","Manchester United","Home",2,0,7,9,12,537,103,1,22,9,9,820,51,40,20,6,20,3,18,107,12,6,1,0,6,3,28,14,16,23,11,0.0869565217391304,0,2
"2012-05-06","Manchester City","Newcastle United","Home",0,2,3,5,7,297,115,0,10,4,7,591,45,48,18,9,21,4,14,100,12,7,4,0,5,10,56,15,7,10,16,0,0.125,-2
"2012-05-06","Stoke City","Queens Park Rangers","Home",1,0,6,8,8,260,122,1,15,8,17,578,50,53,9,11,47,1,6,89,10,13,0,0,0,2,98,12,14,16,5,0.0625,0,1
"2012-05-06","Everton","Wolverhampton Wanderers","Home",0,0,0,7,2,299,107,0,8,3,8,596,46,38,17,6,46,8,20,111,9,10,0,0,4,5,28,9,7,8,12,0,0,0
"2012-05-07","Wigan Athletic","Blackburn Rovers","Home",0,1,2,6,4,165,129,0,9,2,3,463,35,52,15,3,22,3,29,81,14,11,2,0,5,10,56,7,8,9,16,0,0.0625,-1
"2012-05-08","Chelsea","Liverpool","Home",4,1,6,11,6,394,90,2,15,7,8,637,57,44,14,7,20,4,9,82,17,13,2,0,1,2,26,12,16,17,7,0.235294117647059,0.142857142857143,3
"2012-05-13","Blackburn Rovers","Chelsea","Home",2,1,4,13,2,521,83,2,15,6,12,736,28,41,10,4,9,2,9,81,14,4,1,0,3,4,56,12,17,17,7,0.117647058823529,0.142857142857143,1
"2012-05-13","Newcastle United","Everton","Home",3,1,10,6,1,319,91,2,11,5,8,560,48,44,16,4,26,3,8,82,18,16,2,1,3,2,70,12,16,13,10,0.230769230769231,0.1,2
"2012-05-13","Queens Park Rangers","Manchester City","Home",3,2,15,10,19,666,114,3,29,7,10,932,34,32,13,2,5,0,11,79,4,6,1,0,1,1,84,15,25,32,2,0.09375,1,1
"2012-05-13","Aston Villa","Norwich City","Home",2,0,8,12,3,464,90,1,14,1,4,703,29,30,10,2,34,0,16,84,7,10,1,0,5,4,28,7,18,15,8,0.133333333333333,0,2
"2012-05-13","Bolton Wanderers","Stoke City","Home",2,2,7,6,4,211,115,0,12,5,12,556,34,45,9,4,68,6,7,101,10,5,1,0,2,2,26,13,12,12,11,0.166666666666667,0.181818181818182,0
"2012-05-13","Manchester United","Sunderland","Home",0,1,2,2,4,264,100,0,5,2,10,525,46,56,17,3,27,4,21,91,14,11,3,0,6,7,98,14,4,5,11,0,0.0909090909090909,-1
"2012-05-13","Liverpool","Swansea City","Home",1,0,4,4,5,547,93,1,8,8,9,809,34,38,14,5,20,3,11,94,7,5,1,0,5,4,104,15,7,9,9,0.111111111111111,0,1
"2012-05-13","Fulham","Tottenham Hotspur","Home",2,0,6,7,4,484,78,1,9,6,5,711,50,33,16,9,22,2,25,105,9,11,0,0,5,4,112,12,13,10,9,0.2,0,2
"2012-05-13","Arsenal","West Bromwich Albion","Home",2,3,5,3,5,267,93,2,9,12,13,509,45,63,11,5,18,6,10,87,12,10,0,0,0,12,28,19,8,11,9,0.181818181818182,0.333333333333333,-1
"2012-05-13","Wolverhampton Wanderers","Wigan Athletic","Home",3,2,8,4,2,410,90,2,10,3,6,635,41,42,12,11,14,3,13,69,15,9,1,0,2,4,140,15,11,12,6,0.25,0.333333333333333,1
